repo,source_file,tool_name,read_or_write,auth_required,external_endpoint,evidence_line_or_code_reference,schema_verified,verdict
cyanheads/coingecko-mcp-server,src/mcp-server/tools/definitions/get-prices.tool.ts,coingecko_get_prices,read,none; optional COINGECKO_API_KEY for higher rate limit,https://api.coingecko.com/api/v3/simple/price,"annotations: { readOnlyHint: true, idempotentHint: true, openWorldHint: true }; getCoinGeckoService().simplePrice(...)",true,CANDIDATE_READ_ONLY
cyanheads/coingecko-mcp-server,src/mcp-server/tools/definitions/get-coin.tool.ts,coingecko_get_coin,read,none; optional COINGECKO_API_KEY for higher rate limit,https://api.coingecko.com/api/v3/coins/{id},"annotations: { readOnlyHint: true, idempotentHint: true, openWorldHint: true }; getCoinGeckoService().coinDetail(...)",true,CANDIDATE_READ_ONLY
cyanheads/coingecko-mcp-server,src/mcp-server/tools/definitions/get-market-chart.tool.ts,coingecko_get_market_chart,read,none; optional COINGECKO_API_KEY for higher rate limit,https://api.coingecko.com/api/v3/coins/{id}/market_chart,"annotations: { readOnlyHint: true, idempotentHint: true, openWorldHint: true }; getCoinGeckoService().marketChartRange(...)",true,CANDIDATE_READ_ONLY
cyanheads/coingecko-mcp-server,src/mcp-server/tools/definitions/list-markets.tool.ts,coingecko_list_markets,read,none; optional COINGECKO_API_KEY for higher rate limit,https://api.coingecko.com/api/v3/coins/markets,"annotations: { readOnlyHint: true, idempotentHint: true, openWorldHint: true }; getCoinGeckoService().coinsMarkets(...)",true,CANDIDATE_READ_ONLY
cyanheads/coingecko-mcp-server,src/mcp-server/tools/definitions/search-coins.tool.ts,coingecko_search_coins,read,none; optional COINGECKO_API_KEY for higher rate limit,https://api.coingecko.com/api/v3/search,"annotations: { readOnlyHint: true, idempotentHint: true, openWorldHint: true }; getCoinGeckoService().search(...)",true,CANDIDATE_READ_ONLY
cyanheads/coingecko-mcp-server,src/mcp-server/tools/definitions/list-categories.tool.ts,coingecko_list_categories,read,none; optional COINGECKO_API_KEY for higher rate limit,https://api.coingecko.com/api/v3/coins/categories,"annotations: { readOnlyHint: true, idempotentHint: true, openWorldHint: true }; getCoinGeckoService().categoriesList(...)",true,CANDIDATE_READ_ONLY
cyanheads/coingecko-mcp-server,src/mcp-server/tools/definitions/get-trending.tool.ts,coingecko_get_trending,read,none; optional COINGECKO_API_KEY for higher rate limit,https://api.coingecko.com/api/v3/search/trending,"annotations: { readOnlyHint: true, idempotentHint: true, openWorldHint: true }; getCoinGeckoService().trending(...)",true,CANDIDATE_READ_ONLY
cyanheads/coingecko-mcp-server,src/mcp-server/tools/definitions/get-global.tool.ts,coingecko_get_global,read,none; optional COINGECKO_API_KEY for higher rate limit,https://api.coingecko.com/api/v3/global,"annotations: { readOnlyHint: true, idempotentHint: true, openWorldHint: true }; getCoinGeckoService().global(...)",true,CANDIDATE_READ_ONLY
cyanheads/coingecko-mcp-server,src/services/coingecko/api-client.ts,N/A,read,optional COINGECKO_API_KEY,https://api.coingecko.com/api/v3,class CoinGeckoApiClient; optional apiKey sent as x-cg-demo-api-key; no POST/write endpoints,true,CANDIDATE_READ_ONLY
zkoranges/cryptominute-news-mcp,handlers.go,crypto_news_search,read,none,https://api.cryptominute.com/news,"func (s *MCPServer) handleCryptoNewsSearch(...) return s.makeAPIRequest(ctx, ""/news"", params)",true,CANDIDATE_READ_ONLY
zkoranges/cryptominute-news-mcp,handlers.go,crypto_analytics,read,none,https://api.cryptominute.com/analytics,"func (s *MCPServer) handleCryptoAnalytics(...) return s.makeAPIRequest(ctx, ""/analytics"", params)",true,CANDIDATE_READ_ONLY
zkoranges/cryptominute-news-mcp,handlers.go,crypto_stories,read,none,https://api.cryptominute.com/stories,"func (s *MCPServer) handleCryptoStories(...) return s.makeAPIRequest(ctx, ""/stories"", params)",true,CANDIDATE_READ_ONLY
zkoranges/cryptominute-news-mcp,handlers.go,crypto_news_sources,read,none,https://api.cryptominute.com/sources,"func (s *MCPServer) handleCryptoNewsSources(...) return s.makeAPIRequest(ctx, ""/sources"", params)",true,CANDIDATE_READ_ONLY
zkoranges/cryptominute-news-mcp,handlers.go,crypto_reddit_monitor,read,none,https://api.cryptominute.com/reddit,"func (s *MCPServer) handleCryptoRedditMonitor(...) return s.makeAPIRequest(ctx, ""/reddit"", params)",true,CANDIDATE_READ_ONLY
zkoranges/cryptominute-news-mcp,handlers.go,crypto_youtube_insights,read,none,https://api.cryptominute.com/youtube,"func (s *MCPServer) handleCryptoYoutubeInsights(...) return s.makeAPIRequest(ctx, ""/youtube"", params)",true,CANDIDATE_READ_ONLY
zkoranges/cryptominute-news-mcp,handlers.go,crypto_flash_posts,read,none,https://api.cryptominute.com/flash-posts,"func (s *MCPServer) handleCryptoFlashPosts(...) return s.makeAPIRequest(ctx, ""/flash-posts"", params)",true,CANDIDATE_READ_ONLY
zkoranges/cryptominute-news-mcp,handlers.go,crypto_prices,read,none,https://api.cryptominute.com/prices,"func (s *MCPServer) handleCryptoPrices(...) return s.makeAPIRequest(ctx, ""/prices"", params)",true,CANDIDATE_READ_ONLY
zkoranges/cryptominute-news-mcp,schemas/crypto-news-search.json,crypto_news_search,read,none,https://api.cryptominute.com/news,"JSON Schema: ticker, query, sentiment_min/max, significance_min/max, start_datetime, end_datetime, scopes, categories, analyzed",true,CANDIDATE_READ_ONLY
zkoranges/cryptominute-news-mcp,schemas/crypto-prices.json,crypto_prices,read,none,https://api.cryptominute.com/prices,"JSON Schema: symbol, start_date, end_date, days, page, limit, order; historical OHLCV up to 3650 days",true,CANDIDATE_READ_ONLY
zkoranges/cryptominute-news-mcp,server.go,N/A,read,none,https://api.cryptominute.com,type MCPServer struct; ServeStdio/ServeHTTP; no auth fields; only GET-style handlers via makeAPIRequest,true,CANDIDATE_READ_ONLY
